lincs ID,cluster
BRD-K03670461,6
BRD-K36737713,4
BRD-A14966924,6
BRD-K79131256,3
BRD-A90131694,16
BRD-K30020243,16
BRD-A09056319,11
BRD-A00993607,5
BRD-K35498378,9
BRD-A27554692,17
BRD-K67043667,7
BRD-A36010170,9
BRD-K43068349,16
BRD-K94512704,1
BRD-A25234499,12
BRD-A69917777,1
BRD-K17561142,16
BRD-A22032524,16
BRD-K02265150,11
BRD-K98490050,13
BRD-K62200014,6
BRD-K46937689,15
BRD-K12057390,9
BRD-A72758037,6
BRD-K45861246,3
BRD-K56558538,4
BRD-K52397688,2
BRD-K72726508,9
BRD-K04877770,10
BRD-A16694057,3
BRD-A26711594,16
BRD-K70327191,2
BRD-K86930074,16
BRD-A91008255,6
BRD-A02180903,14
BRD-A92177080,16
BRD-K70914287,14
BRD-A00546892,9
BRD-K39987650,11
BRD-A89175223,1
BRD-K39120595,12
BRD-A83326220,12
BRD-K47631482,14
BRD-A80151636,10
BRD-A68723818,5
BRD-A41995253,9
BRD-A60571864,13
BRD-A05186015,6
BRD-K93461745,5
BRD-K08287586,4
BRD-A15131297,15
BRD-K91699951,6
BRD-K14221570,15
BRD-K02404261,12
BRD-A65671304,9
BRD-K71799949,5
BRD-A29426959,16
BRD-A10977446,17
BRD-K02637541,1
BRD-K42500029,9
BRD-K29458283,5
BRD-A01593789,16
BRD-A91699651,1
BRD-K17075857,5
BRD-K89997465,7
BRD-A26384407,1
BRD-K67017579,6
BRD-K34157611,14
BRD-K14693417,14
BRD-K87343924,16
BRD-A26095496,12
BRD-K45252063,8
BRD-K29950728,7
BRD-K98530306,11
BRD-A55416093,8
BRD-A54487287,4
BRD-K23913458,4
BRD-K36055864,3
BRD-A69815203,2
BRD-K51290057,5
BRD-K06895174,9
BRD-A62184259,9
BRD-A92537424,16
BRD-K43389675,13
BRD-A39255369,6
BRD-A17819071,9
BRD-A58269583,14
BRD-K68558722,9
BRD-K60762818,13
BRD-A49447682,3
BRD-A10188456,11
BRD-A93424738,10
BRD-K08252256,11
BRD-K68507560,16
BRD-K95309561,14
BRD-K45542189,3
BRD-K45330754,16
BRD-K22031190,12
BRD-A93236127,6
BRD-A94756469,17
BRD-K72166146,8
BRD-K63945320,16
BRD-K10974103,9
BRD-A69636825,10
BRD-K22193694,5
BRD-K86301799,5
BRD-A29734509,14
BRD-K96084870,17
BRD-K38305202,12
BRD-A49160188,5
BRD-K37694030,14
BRD-A52530684,6
BRD-A44008656,13
BRD-K97158071,14
BRD-K71103788,4
BRD-K60274257,6
BRD-K47635719,15
BRD-K36616567,6
BRD-K41713976,12
BRD-K47659338,16
BRD-A25687296,9
BRD-K50660797,10
BRD-K04548931,1
BRD-A88080608,15
BRD-K39746403,11
BRD-K14920963,5
BRD-K70301876,8
BRD-A18917088,1
BRD-A36066264,9
BRD-A91452556,6
BRD-A22143024,3
BRD-K38055836,11
BRD-A74667430,17
BRD-A54880345,6
BRD-A73741725,14
BRD-A41519720,1
BRD-K74212935,3
BRD-K45033733,9
BRD-K12513978,6
BRD-A97104540,8
BRD-A73368467,13
BRD-A50675702,9
BRD-K82164249,16
BRD-K28307902,14
BRD-K66296774,1
BRD-K76587808,12
BRD-A09472452,15
BRD-K77947974,6
BRD-K09602097,15
BRD-A29082194,4
BRD-K51662849,14
BRD-K49945136,1
BRD-K32830106,6
BRD-A15415227,10
BRD-K33818169,15
BRD-K64245000,14
BRD-K96263742,2
BRD-K54771420,15
BRD-K62736196,6
BRD-K67847053,14
BRD-K29673530,17
BRD-K65639003,12
BRD-K52219182,13
BRD-K12994359,14
BRD-A42628519,12
BRD-K60038276,3
BRD-A75552914,13
BRD-K48869804,4
BRD-K19136521,2
BRD-A05352148,12
BRD-A40639672,8
BRD-K28936863,6
BRD-K39733634,2
BRD-A93206962,4
BRD-K08109516,6
BRD-A07440155,11
BRD-A74642112,5
BRD-K15834839,13
BRD-K39915878,14
BRD-A92826379,11
BRD-K62792802,5
BRD-K96119599,5
BRD-K99411983,10
BRD-K59753853,17
BRD-A09467419,11
BRD-A84174393,2
BRD-K78126613,8
BRD-K18194590,16
BRD-K35941380,6
BRD-A61793559,1
BRD-A64092382,9
BRD-A79981887,17
BRD-A48237631,7
BRD-A31204924,17
BRD-A06784547,13
BRD-K54906270,9
BRD-A64977602,1
BRD-K31542390,11
BRD-A87606379,15
BRD-A67862938,4
BRD-A66559694,6
BRD-K34014345,9
BRD-K47717570,15
BRD-A85025557,3
BRD-K19416115,16
BRD-K35960502,2
BRD-A58048407,9
BRD-A02006392,15
BRD-K12539581,8
BRD-A04756508,14
BRD-K54210043,15
BRD-K03109492,15
BRD-K09537769,7
BRD-A94669766,7
BRD-K78485176,12
BRD-A42759514,8
BRD-A68930007,5
BRD-K66019333,7
BRD-K25394294,15
BRD-A33447119,1
BRD-K52075715,8
BRD-A46747628,4
BRD-A28746609,5
BRD-K37991163,14
BRD-K55191674,12
BRD-K03842655,1
BRD-K60770992,4
BRD-K92731339,11
BRD-K10995081,8
BRD-K38323065,5
BRD-K19227686,9
BRD-K96319534,12
BRD-K25650355,1
BRD-K43164539,16
BRD-A48430263,15
BRD-K26801045,15
BRD-A97479839,9
BRD-K59522102,17
BRD-K24132293,8
BRD-K25224017,12
BRD-A57382968,15
BRD-K75958195,1
BRD-A21858158,8
BRD-K57304726,17
BRD-A27887842,12
BRD-A01643550,17
BRD-A78391468,6
BRD-A62525898,6
BRD-A35912562,6
BRD-A55913614,13
BRD-K32247306,10
BRD-K46317332,8
BRD-K19352500,12
BRD-K06980535,11
BRD-K71266197,2
BRD-K79366068,1
BRD-K96799727,3
BRD-A41304429,3
BRD-K46137903,1
BRD-A34806832,2
BRD-K68867920,3
BRD-K72222507,4
BRD-K77925998,14
BRD-K13544237,6
BRD-K63828191,6
BRD-K85603128,11
BRD-K37206356,6
BRD-K40887525,14
BRD-K75699339,6
BRD-A77349281,11
BRD-K43290182,10
BRD-K54411430,15
BRD-K21733600,2
BRD-A34255068,16
BRD-K15933101,13
BRD-K82941592,6
BRD-K20742498,12
BRD-K00234327,13
BRD-K07859598,4
BRD-K30816563,4
BRD-K92760278,1
BRD-K82561139,6
BRD-K06543683,4
BRD-K39256324,6
BRD-K64614248,14
BRD-K30867024,15
BRD-A17883755,6
BRD-A58564983,3
BRD-K56343971,16
BRD-K67439147,17
BRD-K79759585,9
BRD-K22134346,14
BRD-A72703248,1
BRD-A64125466,4
BRD-K55468218,16
BRD-A09094913,13
BRD-K99595596,14
BRD-K42635745,16
BRD-K69608737,13
BRD-K93645900,5
BRD-K34820100,15
BRD-A35588707,17
BRD-A22844106,13
BRD-A06352418,14
BRD-A55393291,16
BRD-A43940795,9
BRD-A46393198,14
BRD-A93255169,7
BRD-K09631521,11
BRD-K00603606,2
BRD-K82562631,9
BRD-K64514229,11
BRD-K51350053,2
BRD-K70778732,6
BRD-K80431395,14
BRD-K41731458,1
BRD-K53220666,3
BRD-A19195498,4
BRD-K99621550,14
BRD-K69600043,1
BRD-A56012032,6
BRD-A51714012,2
BRD-M45964048,12
BRD-A11678676,14
BRD-K42748308,6
BRD-K45117373,2
BRD-K42679050,17
BRD-K06712146,12
BRD-A87445400,6
BRD-K45296539,5
BRD-K66353228,17
BRD-K17110974,14
BRD-K25836724,12
BRD-K77830450,4
BRD-A90490067,9
BRD-K46384212,11
BRD-A79768653,4
BRD-K30240666,14
BRD-K90735586,4
BRD-K28470988,4
BRD-K69328504,3
BRD-K19216856,17
BRD-K50590187,4
BRD-K14329163,11
BRD-K27316855,14
BRD-A13195221,6
BRD-K86682249,16
BRD-K30064966,7
BRD-A13122391,13
BRD-K19922318,11
BRD-K14696368,8
BRD-K98404142,1
BRD-K05402890,1
BRD-A20131130,1
BRD-K41087962,9
BRD-A94451536,13
BRD-K59470558,10
BRD-K56477805,16
BRD-K79382620,2
BRD-K61053657,11
BRD-K59962020,1
BRD-K43620258,13
BRD-K01868942,10
BRD-K81647657,7
BRD-K95606637,10
BRD-K53903639,7
BRD-K49371609,7
BRD-K84924563,6
BRD-K61829047,17
BRD-A81936046,5
BRD-K44241590,7
BRD-A31107743,1
BRD-K56301217,3
BRD-K82746043,10
BRD-K91623615,16
BRD-K87142802,7
BRD-K01192156,10
BRD-K41996876,5
BRD-K88560311,10
BRD-K00615600,5
BRD-A67373739,1
BRD-K06854232,2
BRD-K56334280,16
BRD-K73395020,10
BRD-K41895714,16
BRD-K01121114,5
BRD-K52836380,2
BRD-K02113016,4
BRD-K69932463,16
BRD-K28296557,12
BRD-K70792160,16
BRD-K04887706,1
BRD-K88510285,2
BRD-K64890080,7
BRD-K04623885,9
BRD-M86331534,15
BRD-K71799778,8
BRD-K02950022,11
BRD-K34581968,9
BRD-K48923948,11
BRD-K13049116,1
BRD-K10882151,3
BRD-K47983010,10
BRD-K15025317,8
BRD-K45399554,8
BRD-K61662457,4
BRD-K83289131,5
BRD-K92241597,14
BRD-K88544581,3
BRD-K18190982,1
BRD-K02822062,8
BRD-K23363278,4
BRD-A84045418,10
BRD-K01779529,16
BRD-K82818427,7
BRD-A05874290,11
BRD-K74402642,14
BRD-K78716413,13
BRD-K61192372,16
BRD-K52904470,11
BRD-K80672993,4
BRD-K77432048,1
BRD-K69690935,6
BRD-K86191271,10
BRD-K79983625,9
BRD-K33272502,4
BRD-K05653692,4
BRD-A35108200,6
BRD-K32405725,16
BRD-K59019422,8
BRD-K93725829,7
BRD-K76964878,7
BRD-A68631409,16
BRD-K09778810,10
BRD-K08845546,10
BRD-K78959463,11
BRD-K75532464,1
BRD-K77947974,13
BRD-K28307902,1
BRD-A63646118,5
BRD-K64451768,17
BRD-K31342827,10
BRD-K47335880,3
BRD-K70642949,6
BRD-K10705233,16
BRD-K69840642,1
BRD-K85606544,6
BRD-K17349619,14
BRD-K93023739,13
BRD-K51781482,11
BRD-K74305673,8
BRD-K33583600,4
BRD-A02481876,9
BRD-A52650764,10
BRD-K18849474,16
BRD-K45446451,8
BRD-K67566344,16
BRD-A58955223,16
BRD-K19796430,5
BRD-A30655177,10
BRD-K37865504,4
BRD-K55395145,14
BRD-A06352508,16
BRD-K78513633,10
BRD-K61250553,6
BRD-K76205745,7
BRD-A04352665,16
BRD-K56851771,13
BRD-A14395271,4
BRD-K16406336,4
BRD-K39503511,10
BRD-K68065987,14
BRD-K78659596,16
BRD-K67844266,16
BRD-K19894101,8
BRD-A36275421,8
BRD-K76188144,4
BRD-K71726959,4
BRD-K36324071,14
BRD-K49183052,16
BRD-A70155556,1
BRD-A80213327,1
BRD-K48692744,10
BRD-K06792661,13
BRD-A36318220,16
BRD-A12230535,12
BRD-K08589866,14
BRD-K92991072,11
BRD-K00766422,1
BRD-K62810658,5
BRD-K56700933,4
BRD-A19633847,1
BRD-K83213911,1
BRD-K68997413,14
BRD-K67868012,4
BRD-K99818283,13
BRD-K11853856,5
BRD-A41451487,16
BRD-K89687904,17
BRD-K82036761,10
BRD-K30707190,14
BRD-K03618428,16
BRD-K30677119,1
BRD-K49456190,5
BRD-K09907482,4
BRD-K04010869,6
BRD-A73680854,14
BRD-K16554956,5
BRD-A56592690,8
BRD-K02407574,1
BRD-K81651477,14
BRD-K98548675,8
BRD-K59597909,1
BRD-K53595844,8
BRD-K66874953,2
BRD-K01292756,14
BRD-A46335897,10
BRD-K73397362,8
BRD-K02526760,14
BRD-A45889380,16
BRD-K20285085,4
BRD-K80738081,5
BRD-K89391146,14
BRD-K08478539,1
BRD-A23770159,16
BRD-K64634304,15
BRD-K21672174,14
BRD-A97437073,11
BRD-K03816923,14
BRD-K59184148,14
BRD-K08417745,3
BRD-K53855319,15
BRD-K55966568,16
BRD-A67788537,12
BRD-K20492338,16
BRD-K38985961,8
BRD-A35588707,1
BRD-K12502280,14
BRD-K67075780,11
BRD-K01877528,7
BRD-K32164935,4
BRD-K51575138,4
BRD-K28360340,1
BRD-K32107296,9
BRD-K63195589,5
BRD-K62965247,8
BRD-K00088062,4
BRD-K80527266,8
BRD-K68336408,14
BRD-K57011718,4
BRD-K74236984,11
BRD-K68185022,9
BRD-K32330832,17
BRD-A09533288,4
BRD-K87947369,3
BRD-K33308633,16
BRD-A58280226,10
BRD-A62182663,4
BRD-K76703230,13
BRD-K73789395,1
BRD-K69181860,17
BRD-A47829399,16
BRD-U88459701,1
BRD-A79465854,1
BRD-A75817871,10
BRD-K71799949,8
BRD-A85860691,10
BRD-K67778494,1
BRD-K50776152,10
BRD-K40758391,5
BRD-A28105619,13
BRD-K74148702,4
BRD-A38030642,14
BRD-K35723520,10
BRD-A69951442,4
BRD-K82135108,6
BRD-K61314889,16
BRD-A25004090,9
BRD-A70449690,12
BRD-K15108141,13
BRD-A77216878,8
BRD-K78599730,5
BRD-K14888893,1
BRD-K78867378,14
BRD-A76279427,6
BRD-A43331270,16
BRD-A01145011,8
BRD-K01638814,16
BRD-K61323504,1
BRD-A62025033,1
BRD-A75517195,10
BRD-A84481105,14
BRD-K89732114,14
BRD-A13084692,13
BRD-K41260949,11
BRD-K81418486,1
BRD-K76079827,15
BRD-K33720394,13
BRD-K86992982,14
BRD-K98079119,14
BRD-K67619794,14
BRD-K00366212,16
BRD-K05002121,16
BRD-K70918941,14
BRD-K19059335,12
BRD-K02216544,14
BRD-K77547509,12
BRD-K06436323,11
BRD-K54687541,2
BRD-K08640787,11
BRD-K14711204,8
BRD-A83255679,14
BRD-K09299610,14
BRD-K28180706,4
BRD-K19410523,11
BRD-K45278408,16
BRD-A12633378,3
BRD-K71382703,4
BRD-K50128260,15
BRD-K64738596,14
BRD-K42629487,4
BRD-K90912239,2
BRD-K36111767,2
BRD-K24564544,4
BRD-K83778500,11
BRD-K14324645,16
BRD-K05563014,11
BRD-K91442916,16
BRD-A32595718,14
BRD-K81592585,10
BRD-K95212245,4
BRD-K06180729,11
BRD-K01712134,14
BRD-K25190777,3
BRD-K46872340,10
BRD-K19609011,1
BRD-K77856555,11
BRD-K36533576,16
BRD-K92269225,9
BRD-K36153907,14
BRD-K66029294,4
BRD-K14945759,10
BRD-K87446239,14
BRD-K09138889,16
BRD-K64822626,5
BRD-K05566481,3
BRD-K95807833,14
BRD-K43637719,16
BRD-K87547250,4
BRD-U77632492,5
BRD-K30606628,12
BRD-K92343999,11
BRD-K11015688,11
BRD-K07995125,16
BRD-K64409586,2
BRD-K50135923,3
BRD-K73044744,8
BRD-K37057377,14
BRD-K88668773,5
BRD-K54070802,17
BRD-K35035132,10
BRD-K58846134,14
BRD-K64780785,4
BRD-K67550673,4
BRD-A08662020,14
BRD-A43805296,17
BRD-K83620635,9
BRD-A95937159,10
BRD-K86631041,5
BRD-K55186349,11
BRD-K02313433,7
BRD-K32636001,13
BRD-K35046132,16
BRD-K84301121,14
BRD-K45216862,11
BRD-K89748981,4
BRD-K95286134,14
BRD-K43149678,14
BRD-K05861053,8
BRD-K08447949,4
BRD-K98575502,11
BRD-K69422440,11
BRD-K90667125,16
BRD-K53780220,9
BRD-K70693222,10
BRD-K44978960,14
BRD-K01333970,16
BRD-K84864079,14
BRD-A17757596,16
BRD-K23412959,5
BRD-K88622704,8
BRD-K10361096,10
BRD-K52163391,16
BRD-A05831822,14
BRD-A81045722,10
BRD-A81416315,11
BRD-K92202821,4
BRD-K95037415,3
BRD-K57238941,14
BRD-K49712247,14
BRD-A01999384,15
BRD-K39318886,14
BRD-A93975555,12
BRD-A38936397,16
BRD-K66884694,14
BRD-K95117060,1
BRD-K35737468,5
BRD-K33159591,10
BRD-K41059137,14
BRD-K90736214,14
BRD-K50985433,16
BRD-K50746423,12
BRD-K85670329,11
BRD-K80822897,15
BRD-K89563433,14
BRD-K57044355,11
BRD-A62496920,11
BRD-A04392722,11
BRD-A08610364,16
BRD-K71970656,14
BRD-A11512624,13
BRD-K95337198,14
BRD-K12579869,13
BRD-K71169984,11
BRD-K46555875,17
BRD-K94304934,11
BRD-K45505681,5
BRD-K19735876,14
BRD-K75999307,9
BRD-K61718261,10
BRD-K07259155,14
BRD-K55487965,14
BRD-K44366801,5
BRD-K88707333,8
BRD-K42455570,1
BRD-K87726525,16
BRD-K62466453,9
BRD-K66037923,14
BRD-K05359840,15
BRD-K24156250,12
BRD-K04279026,15
BRD-K55703048,8
BRD-K44417704,7
BRD-K96740880,4
BRD-K95858622,4
BRD-K47324077,14
BRD-K28362289,8
BRD-K33297438,16
BRD-K06206016,11
BRD-K50218580,14
BRD-K69834151,4
BRD-K28472299,14
BRD-K74348865,16
BRD-K39507792,5
BRD-K95168667,10
BRD-K40175949,11
BRD-A81389811,16
BRD-K90692502,1
BRD-K77032321,13
BRD-K20923001,10
BRD-K26906367,6
BRD-A83993876,3
BRD-K11928012,5
BRD-A03436432,14
BRD-K12814321,13
BRD-K30443205,14
BRD-K92020737,4
BRD-K68833544,1
BRD-K58247702,8
BRD-K14355517,16
BRD-K41006959,7
BRD-K40329609,5
BRD-K32944375,12
BRD-K18711687,4
BRD-K49791723,17
BRD-K29506255,5
BRD-K30351863,10
BRD-K30836161,1
BRD-K37498076,10
BRD-K68783079,16
BRD-A96746500,13
BRD-K58999277,8
BRD-K59222562,4
BRD-K88761633,14
BRD-K93623501,11
BRD-A11968133,16
BRD-A18279961,16
BRD-K23896287,16
BRD-K47695085,5
BRD-K41185612,7
BRD-K04930762,10
BRD-K14914284,11
BRD-K69396629,8
BRD-K90446130,13
BRD-K75784474,17
BRD-A66604020,14
BRD-A32917072,9
BRD-K87403606,1
BRD-K38061943,11
BRD-K26233379,8
BRD-K54470384,7
BRD-K52695588,16
BRD-K02381115,14
BRD-K00637033,8
BRD-K75940587,17
BRD-K78984681,14
BRD-A00626522,2
BRD-A96749488,5
BRD-K48844671,14
BRD-K98439022,14
BRD-K36665199,14
BRD-A21406558,17
BRD-A38425832,11
BRD-A34421300,3
BRD-A61599461,5
BRD-K67678077,13
BRD-A81377415,8
BRD-K81214387,14
BRD-K02437976,14
BRD-A38793261,8
BRD-A66846505,14
BRD-A63949900,3
BRD-A75558199,14
BRD-A84445767,10
BRD-K56489029,14
BRD-K07515761,14
BRD-K73082558,11
BRD-K66686673,7
BRD-K15293421,11
BRD-K18495986,11
BRD-A31946439,1
BRD-K23165181,4
BRD-K31286015,4
BRD-K13318664,14
BRD-K30434763,17
BRD-K46017542,14
BRD-K82185908,15
BRD-K26815099,10
BRD-K86273012,15
BRD-K36452089,7
BRD-K08829932,7
BRD-K05979026,14
BRD-K21401822,16
BRD-K28040935,13
BRD-K12690157,1
BRD-K19134488,9
BRD-K63308290,12
BRD-K00910650,14
BRD-K03601405,14
BRD-K99530743,14
BRD-K07521754,5
BRD-K16358524,17
BRD-A30612536,4
BRD-K35413818,11
BRD-K85937960,14
BRD-K31828306,13
BRD-K91600270,11
BRD-K79414420,11
BRD-K03816923,8
BRD-K93060291,7
BRD-K15166186,7
BRD-K84881516,14
BRD-K37456065,4
BRD-K66032149,16
BRD-K44640865,14
BRD-K55938002,11
BRD-K42140106,15
BRD-K74710236,4
BRD-K88906571,5
BRD-K43992206,8
BRD-K61127831,11
BRD-K95048846,1
BRD-A52172093,11
BRD-K18453942,1
BRD-K59795987,8
BRD-K97476371,13
BRD-K32043164,10
BRD-A26711594,4
BRD-A68397902,6
BRD-A42031983,15
BRD-A89104433,14
BRD-K97516968,16
BRD-K89093471,11
BRD-K69097969,3
BRD-K44432556,16
BRD-K76907295,5
BRD-K59633790,6
BRD-K88317944,16
BRD-K40711313,5
BRD-K14096083,8
BRD-K92817986,5
BRD-K32010074,8
BRD-A05565054,12
BRD-K46681113,6
BRD-K03857568,3
BRD-K12393722,2
BRD-K67484673,1
BRD-K03339442,17
BRD-K71489689,17
BRD-K40955748,2
BRD-K33182644,6
BRD-A45206415,5
BRD-K65148867,1
BRD-K96147838,15
BRD-K08219523,17
BRD-K50505048,16
BRD-A81372523,7
BRD-A29721261,2
BRD-K27539181,16
BRD-K66908362,16
BRD-K82747512,16
BRD-K37141476,13
BRD-K20401833,8
BRD-K00624509,5
BRD-K53732802,9
BRD-K39823328,11
BRD-A57457122,16
BRD-K84141129,1
BRD-K30570479,5
BRD-A34208323,10
BRD-K76540910,11
BRD-K83010055,5
BRD-A59900482,13
BRD-A20846977,1
BRD-A26777759,9
BRD-A76463343,10
BRD-K75304533,3
BRD-K32318651,2
BRD-K39580048,14
BRD-K91349888,17
BRD-K74501079,2
BRD-A69512159,13
BRD-A67981824,13
BRD-A42571354,2
BRD-A47598013,1
BRD-K27721098,12
BRD-A68009927,13
BRD-K05673000,9
BRD-A74500471,1
BRD-A16998493,13
BRD-K49577446,1
BRD-A74980173,1
BRD-A81233518,9
BRD-A10070317,15
BRD-K02992638,7
BRD-K09416995,1
BRD-K35240538,9
BRD-K88172511,10
BRD-A19736161,1
BRD-A84702196,7
BRD-K87024524,1
BRD-A31159102,1
BRD-K45435259,17
BRD-A96255180,2
BRD-K28346421,1
BRD-A01320529,3
BRD-K22878149,13
BRD-A22256192,1
BRD-K55070890,13
BRD-K06765193,9
BRD-K92033419,16
BRD-K37393297,1
BRD-A84524947,1
BRD-A25170757,1
BRD-K32795028,15
BRD-K78278890,14
BRD-K40619305,12
BRD-K59840856,17
BRD-K93331292,1
BRD-K93229693,2
BRD-K03704870,17
BRD-K53932786,8
BRD-A18411371,6
BRD-A18725729,2
BRD-A37735495,6
BRD-K93034159,1
BRD-K59332007,13
BRD-K76600340,17
BRD-K89486464,4
BRD-K44652183,17
BRD-K35254025,12
BRD-A32449311,1
BRD-K30197592,17
BRD-K53423944,12
BRD-K51066026,1
BRD-K56745457,17
BRD-K04430056,1
BRD-K08799912,12
BRD-K73125384,4
BRD-K29359156,1
BRD-K71671265,2
BRD-K17915279,1
BRD-K33086940,3
BRD-K62493605,9
BRD-K99532291,5
BRD-K21788104,17
BRD-A73747855,1
BRD-K18814832,5
BRD-K89832926,6
BRD-K02113384,12
BRD-K97666802,17
BRD-K17849083,13
BRD-K13605477,4
BRD-K01926222,6
BRD-A84475555,1
BRD-K92000912,2
BRD-K52172416,4
BRD-K41410256,1
BRD-A17448384,17
BRD-K31471398,12
BRD-K59574735,1
BRD-K68077509,1
BRD-K20338176,9
BRD-K52735702,1
BRD-K04993501,12
BRD-K86595100,17
BRD-K73589401,2
BRD-K43736954,2
BRD-K70578146,1
BRD-K90976994,7
BRD-K30697463,1
BRD-K39462424,15
BRD-K28029915,12
BRD-A46179541,1
BRD-K76534306,15
BRD-K47448802,2
BRD-K27169919,3
BRD-K15715913,7
BRD-A62434282,1
BRD-K10860596,3
BRD-K67783091,5
BRD-A24643465,17
BRD-K59570838,1
BRD-A66435872,1
BRD-K30097969,6
BRD-K18816859,8
BRD-A02990301,1
BRD-K99615199,1
BRD-K39339537,2
BRD-A03216249,1
BRD-A71262238,1
BRD-K59197931,3
BRD-K12102668,7
BRD-K28912512,1
BRD-A24891640,1
BRD-K67637637,1
BRD-A55962179,14
BRD-A14208071,13
BRD-K08924299,2
BRD-A22897758,12
BRD-K89839824,12
BRD-K70490179,1
BRD-A27489425,1
BRD-K50938786,2
BRD-A75769826,1
BRD-K91733562,1
BRD-A72441487,1
BRD-A04327189,4
BRD-K06221026,2
BRD-K10467831,6
BRD-K89125793,1
BRD-K04412738,12
BRD-A61856038,2
BRD-K32696739,1
BRD-K13926615,12
BRD-K20168442,2
BRD-A01826957,12
BRD-K54314721,1
BRD-K35961280,10
BRD-K57019930,2
BRD-K67808578,4
BRD-K15592317,2
BRD-A09164687,14
BRD-A66395008,8
BRD-K16925374,10
BRD-A45664787,1
BRD-K28789065,5
BRD-A57107094,11
BRD-A49581300,3
BRD-K89784888,16
BRD-A93015352,10
BRD-K95760042,14
BRD-K29622226,7
BRD-K61359235,14
BRD-K37932103,2
BRD-K97764662,14
BRD-K09485525,3
BRD-K48716658,5
BRD-K54405293,5
BRD-K07161233,16
BRD-K24346336,10
BRD-K19687926,17
BRD-K09460252,10
BRD-K53331454,16
BRD-K74133369,14
BRD-K03122949,14
BRD-K22322324,13
BRD-K58900438,1
BRD-K47731572,9
BRD-K42644990,16
BRD-K25884242,13
BRD-K89843224,10
BRD-A82628254,7
BRD-K00390580,8
BRD-K52678950,14
BRD-K49861754,3
BRD-A43087975,11
BRD-K74606027,2
BRD-K80346834,17
BRD-K41757249,8
BRD-K93899689,11
BRD-K51696048,17
BRD-K73707305,7
BRD-K53214709,3
BRD-K59556282,5
BRD-K91355947,16
BRD-K69569876,2
BRD-K15107389,14
BRD-K69852452,14
BRD-A12643502,7
BRD-K92489476,9
BRD-A70879086,1
BRD-A74699940,8
BRD-K22384978,8
BRD-K63587518,6
BRD-A39121618,7
BRD-K00954209,5
BRD-K75418381,16
BRD-A32214171,14
BRD-A96272097,16
BRD-K48204702,8
BRD-K63350243,10
BRD-K81609421,16
BRD-K31754360,14
BRD-K32321439,7
BRD-K14395638,4
BRD-K58547240,14
BRD-K96704748,11
BRD-K70369221,4
BRD-K88542532,7
BRD-K03176945,8
BRD-K46961308,12
BRD-K82492171,14
BRD-K61627029,16
BRD-K30715099,14
BRD-A07614565,14
BRD-K51731619,13
BRD-K58628167,10
BRD-A81530502,3
BRD-K55896799,16
BRD-K55991774,16
BRD-K83643280,12
BRD-K50360938,10
BRD-K82685933,1
BRD-A47706533,6
BRD-A02333338,7
BRD-K25504083,10
BRD-A09984573,14
BRD-K07888107,7
BRD-A75931230,14
BRD-K65261396,7
BRD-K14791739,14
BRD-A32161980,15
BRD-K26048285,8
BRD-K87909389,1
BRD-K59369769,12
BRD-K49328571,8
BRD-K50140147,2
BRD-K46056750,1
BRD-A10523515,10
BRD-K97056771,10
BRD-K76908866,14
BRD-K79090631,7
BRD-K92428232,16
BRD-K13390322,7
BRD-K92723993,14
BRD-A59193861,1
BRD-K10817986,10
BRD-K36264978,11
BRD-K68344511,14
BRD-K54331210,10
BRD-A06909528,8
BRD-A60386802,8
BRD-K36591038,4
BRD-K23027438,16
BRD-K71427192,8
BRD-K26367064,10
BRD-A75471153,7
BRD-A77050075,14
BRD-K28293491,5
BRD-A41114263,16
BRD-K59460069,3
BRD-A41997916,15
BRD-K60685007,10
BRD-A68274214,12
BRD-A43188678,10
BRD-K84571636,3
BRD-K54573313,7
BRD-A14178283,9
BRD-A20488704,9
BRD-K52640952,16
BRD-A77704559,16
BRD-A94381689,14
BRD-A95820578,8
BRD-A30083233,17
BRD-K94493764,14
BRD-A57300602,2
BRD-K98519396,4
BRD-K63425657,4
BRD-A25416824,11
BRD-K85266146,8
BRD-A83402799,1
BRD-K66876909,14
BRD-K28120222,10
BRD-A32241587,16
BRD-A56800788,1
BRD-K49810818,7
BRD-K29905972,4
BRD-K19540840,16
BRD-K66175015,10
BRD-K05104363,4
BRD-K29733039,4
BRD-K05926469,16
BRD-K99616396,11
BRD-K49865102,10
BRD-K23984367,4
BRD-K89162000,1
BRD-K15600710,14
BRD-A13807286,8
BRD-K63068307,14
BRD-K17743125,8
BRD-K04833372,16
BRD-K72703948,14
BRD-K07881437,9
BRD-K24681473,14
BRD-K29582677,17
BRD-K63923597,16
BRD-K42125900,7
BRD-K16478699,14
BRD-K71512533,9
BRD-K40892394,11
BRD-K16621777,16
BRD-K51967704,8
BRD-K17210248,7
BRD-K11636097,13
BRD-K71823332,10
BRD-K47832606,4
BRD-A25569250,8
BRD-K64785675,14
BRD-K35687265,14
BRD-K65389993,16
BRD-K64881305,14
BRD-K62982419,14
BRD-K31553034,1
BRD-K05658747,3
BRD-K76810206,14
BRD-K31283835,1
BRD-K67867734,14
BRD-K64440589,4
BRD-K56287385,14
BRD-A98670841,5
BRD-K71322910,3
BRD-K72192970,16
BRD-A38275906,8
BRD-A60256353,17
BRD-K55498981,16
BRD-A09749088,11
BRD-A33325795,16
BRD-K01400178,5
BRD-K14444135,5
BRD-K99515112,16
BRD-K43739430,5
BRD-K16798053,12
BRD-K67364256,16
BRD-A25852922,13
BRD-K95673870,14
BRD-K47622659,16
BRD-K18587499,8
BRD-K82395301,8
BRD-K30545681,14
BRD-K38910949,16
BRD-K76565902,4
BRD-K66763349,2
BRD-K58698715,10
BRD-K51608872,5
BRD-K28774715,14
BRD-K20032655,10
BRD-K79382620,16
BRD-K68202742,5
BRD-K14681867,5
BRD-K45114207,5
BRD-K63915849,10
BRD-K32836707,11
BRD-K88551539,5
BRD-K31484631,1
BRD-K83691318,7
BRD-K22631935,16
BRD-K76698671,1
BRD-A80574334,12
BRD-A11702965,7
BRD-A26199074,2
BRD-A52193669,17
BRD-K05593511,9
BRD-K04923131,5
BRD-A80960055,5
BRD-K39944607,17
BRD-A13346522,16
BRD-K25311561,17
BRD-K14880289,17
BRD-A31374339,7
BRD-A36059655,10
BRD-K31841256,13
BRD-K05977823,11
BRD-K40300908,10
BRD-K12105018,15
BRD-K67470788,10
BRD-A20697603,12
BRD-K91047982,10
BRD-K32927008,17
BRD-K91701654,4
BRD-A59808129,11
BRD-A84327315,11
BRD-K42419294,10
BRD-K88735704,14
BRD-A61666925,1
BRD-A37656721,11
BRD-K61341215,5
BRD-K07877311,16
BRD-K10906552,17
BRD-K07061353,1
BRD-K25979535,11
BRD-A01317026,13
BRD-K94294671,9
BRD-K84937637,1
BRD-K74733595,5
BRD-K01493881,5
BRD-A52886023,14
BRD-A77577770,13
BRD-K57926513,4
BRD-A50454580,12
BRD-K73982490,9
BRD-A11007541,5
BRD-K65411918,1
BRD-K59946561,11
BRD-K22429181,14
BRD-K13927029,4
BRD-K65331431,9
BRD-K04701986,1
BRD-A97701745,10
BRD-K41170226,11
BRD-K18135438,4
BRD-K68144790,5
BRD-K81062487,10
BRD-K33572481,11
BRD-K30743633,13
BRD-U06594984,13
BRD-K20986251,10
BRD-A38878059,14
BRD-K24656285,14
BRD-K24994810,14
BRD-U66370498,4
BRD-K43880410,1
BRD-K55896799,16
BRD-A77118605,11
BRD-A37837077,10
BRD-A98283014,15
BRD-K35128472,11
BRD-K53972329,14
BRD-A80788753,17
BRD-K13087974,14
BRD-K77175907,1
BRD-K64935403,16
BRD-K77625572,1
BRD-K85985071,1
BRD-K38775274,11
BRD-A55756846,9
BRD-K62959606,8
BRD-K70549064,12
BRD-K47943470,11
BRD-K09790412,17
BRD-K40255344,2
BRD-K43764301,11
BRD-A74904029,6
BRD-K80725632,16
BRD-K32710582,1
BRD-K67506692,14
BRD-K56064827,16
BRD-K99291625,2
BRD-A18497530,6
BRD-A64228451,11
BRD-A11706664,13
BRD-K08115555,8
BRD-U08759356,14
BRD-K06080977,12
BRD-A93893742,10
BRD-K50720187,10
BRD-K79437791,13
BRD-K38756014,9
BRD-K75181824,9
BRD-U01690642,5
BRD-K95402279,15
BRD-K28178212,7
BRD-K98684188,1
BRD-K35483542,10
BRD-K76723084,11
BRD-K89085489,14
BRD-K49685476,4
BRD-K62012036,7
BRD-A96799240,13
BRD-K00184207,4
BRD-K37846922,4
BRD-A36707673,9
BRD-K61480498,1
BRD-K26674531,9
BRD-K47539947,10
BRD-A80775386,3
BRD-K61463582,10
BRD-K01507359,5
BRD-A39646320,15
BRD-K86465814,11
BRD-A89067742,7
BRD-K23841751,4
BRD-K11147885,10
BRD-A45498368,14
BRD-K81528515,1
BRD-K83963101,2
BRD-K79404599,10
BRD-K58772419,10
BRD-K52751261,16
BRD-K99545815,7
BRD-K13566078,9
BRD-K01253243,3
BRD-K64800655,1
BRD-K05804044,7
BRD-K49669041,17
BRD-K00337317,8
BRD-A29901043,14
BRD-K68407802,17
BRD-K82091397,11
BRD-K93918653,14
BRD-K51313569,9
BRD-K78431006,5
BRD-K64052750,10
BRD-K70401845,14
BRD-K66359319,16
BRD-K36740062,1
BRD-K53561341,4
BRD-K14232336,17
BRD-A67748489,14
BRD-A72180425,15
BRD-K85493820,1
BRD-K23192422,3
BRD-K98372770,4
BRD-K99451608,11
BRD-A39052811,9
BRD-K55420858,3
BRD-K42541148,11
BRD-K09191212,14
BRD-K67258146,9
BRD-A03946276,16
BRD-K37160541,14
BRD-K33586157,16
BRD-K66902379,14
BRD-K69516039,16
BRD-K32111336,1
BRD-A13461302,10
BRD-K36529613,11
BRD-K09436313,17
BRD-K83794624,6
BRD-K46212057,16
BRD-K60460488,3
BRD-K33551950,8
BRD-K77286328,10
BRD-K33926001,11
BRD-K93331255,5
BRD-K82206012,15
BRD-K99749624,7
BRD-K99964838,14
BRD-K21450440,11
BRD-K85402309,3
BRD-K50168500,2
BRD-K74514084,14
BRD-K99369265,14
BRD-M64432851,1
BRD-K77908580,7
BRD-K71035033,8
BRD-K52911425,13
BRD-K02965346,16
BRD-K28428262,10
BRD-K56957086,1
BRD-K67578145,7
BRD-K95901403,2
BRD-K13514097,13
BRD-K16485616,1
BRD-K83988098,11
BRD-A41692738,8
BRD-K73293050,17
BRD-K83837640,11
BRD-K72420232,10
BRD-K99498722,3
BRD-K17823458,4
BRD-K17306061,14
BRD-M16762496,12
BRD-K07265709,2
BRD-K08206212,16
BRD-K73838513,17
BRD-K77008974,14
BRD-K99260425,11
BRD-K91900765,11
BRD-K66615216,3
BRD-K91696562,16
BRD-K84639753,11
BRD-K89014967,7
BRD-K81783531,9
BRD-K70557564,8
BRD-K48722833,2
BRD-K70511574,2
BRD-K10916986,15
BRD-K54472332,11
BRD-M72442222,5
BRD-K37130656,10
BRD-K07736136,17
BRD-K37720887,16
BRD-K66956375,1
BRD-K46062088,14
BRD-K81142122,3
BRD-K80622725,1
BRD-K78062244,2
BRD-K19499941,1
BRD-K94018295,14
BRD-K17343332,10
BRD-A99518825,11
BRD-A02198599,17
BRD-K15891719,17
BRD-K65258912,14
BRD-A26595446,10
BRD-K48576794,1
BRD-K38324426,4
BRD-U97083655,14
BRD-K36627727,14
BRD-K62459624,12
BRD-K49181186,5
BRD-K24426149,15
BRD-K68313733,17
BRD-K02421873,11
BRD-K25991148,1
BRD-K32644160,17
BRD-M30523314,2
BRD-A26002865,14
BRD-K77390737,2
BRD-K29582115,4
BRD-K43797669,8
BRD-K71879491,5
BRD-A00100033,14
BRD-A02176148,16
BRD-K18910433,5
BRD-A03816571,16
BRD-A04668240,14
BRD-A07875874,6
BRD-A00267231,17
BRD-A07029265,6
BRD-A03623303,17
BRD-A15100685,7
BRD-A15100685,15
BRD-A15100685,9
BRD-A15100685,1
BRD-A33746814,6
BRD-A33746814,2
BRD-A33746814,1
BRD-A59431241,7
BRD-A59431241,9
BRD-A59431241,6
BRD-A59431241,13
BRD-A70150975,12
BRD-A70150975,6
BRD-A70150975,6
BRD-A70150975,9
BRD-K00640357,17
BRD-K00640357,1
BRD-K00640357,1
BRD-K00640357,1
BRD-K55896799,17
BRD-K32610195,6
BRD-K55896799,12
BRD-K55896799,12
BRD-K90370028,5
BRD-K90370028,17
BRD-K90370028,13
BRD-K90370028,1
BRD-K58044374,3
BRD-K58044374,1
BRD-K58044374,1
BRD-K58044374,8
BRD-K58547375,17
BRD-K58547375,9
BRD-K58547375,1
BRD-K58547375,15
BRD-A59431241,12
BRD-A59431241,1
BRD-A59431241,13
BRD-A59431241,6
BRD-K16604218,17
BRD-K16604218,4
BRD-K16604218,2
BRD-K16604218,12
BRD-K73037408,13
BRD-K73037408,1
BRD-K73037408,1
BRD-K73037408,12
BRD-K14700434,1
BRD-K14700434,15
BRD-K14700434,8
BRD-K14700434,1
BRD-K19326298,12
BRD-K19326298,2
BRD-K19326298,2
BRD-K19326298,17
BRD-K25444257,1
BRD-K25444257,17
BRD-K25444257,13
BRD-K25444257,4
BRD-K11306851,2
BRD-K11306851,12
BRD-K11306851,12
BRD-K11306851,1
BRD-K73183319,8
BRD-K73183319,1
BRD-K73183319,1
BRD-K73183319,14
BRD-K37417543,6
BRD-K37417543,1
BRD-K37417543,12
BRD-K37417543,6
BRD-K92084213,1
BRD-K92084213,2
BRD-K92084213,1
BRD-K92084213,13
BRD-K65111630,1
BRD-K65111630,1
BRD-K65111630,2
BRD-K65111630,1
BRD-K65389993,12
BRD-K56334280,17
BRD-K65389993,2
BRD-K65389993,9
BRD-K16582605,1
BRD-K16582605,13
BRD-K16582605,8
BRD-K16582605,16
BRD-K45028728,13
BRD-K45028728,15
BRD-K45028728,6
BRD-K45028728,11
BRD-A15100685,15
BRD-A15100685,1
BRD-A15100685,1
BRD-A15100685,12
BRD-A33746814,17
BRD-A33746814,1
BRD-A33746814,1
BRD-K07572174,9
BRD-K07572174,1
BRD-K07572174,14
BRD-K07572174,2
BRD-A70150975,1
BRD-A70150975,12
BRD-A70150975,2
BRD-A70150975,17
BRD-A69592287,2
BRD-A69592287,17
BRD-A69592287,1
BRD-A58955223,4
BRD-A58955223,16
BRD-A58955223,8
BRD-A58955223,12
BRD-K76021727,16
BRD-K36452089,1
BRD-K36452089,9
BRD-K36452089,1
BRD-A34462049,2
BRD-A34462049,8
BRD-A34462049,1
BRD-A34462049,13
BRD-K91290917,15
BRD-A66861218,1
BRD-A29322418,14
BRD-K89595132,6
BRD-K59058766,7
BRD-A77291778,11
BRD-K13819402,9
BRD-A04553218,4
BRD-K24053527,4
BRD-K54233340,1
BRD-K51677086,6
BRD-K49519092,16
BRD-K88741031,11
BRD-K50311478,17
BRD-K42098891,12
BRD-K67100011,12
BRD-K02581333,17
BRD-K16604360,14
BRD-K03557653,6
BRD-K63675182,17
BRD-A10303790,1
BRD-K61033289,16
BRD-K08451418,11
BRD-A04706586,6
BRD-K83354763,16
BRD-K40853697,15
BRD-K59036917,6
BRD-A71390734,2
BRD-K08703257,16
BRD-K07303502,13
BRD-K01976263,14
BRD-K16701932,12
BRD-K53792571,16
BRD-K09499853,3
BRD-U94846492,11
BRD-K23875128,8
BRD-A15079084,14
BRD-K14749055,7
BRD-K89209981,11
BRD-K91449330,5
BRD-K65283978,11
BRD-K15206810,1
BRD-K92742972,4
BRD-K40378749,16
BRD-K14609189,16
BRD-K68863575,14
BRD-K70917163,16
BRD-K10846167,7
BRD-K58033748,8
BRD-K74777906,3
BRD-K82768082,14
BRD-K98676510,14
BRD-K63712590,6
BRD-K40441731,7
BRD-K53032901,16
BRD-K63178889,17
BRD-K00555438,14
BRD-K77681376,7
BRD-K01896723,13
BRD-K92158425,7
BRD-K57353465,1
BRD-K67742177,2
BRD-K20914082,14
BRD-K08325710,15
BRD-K76595177,15
BRD-K02641134,7
BRD-K36817836,15
BRD-K79222491,12
BRD-K30649484,6
BRD-K09716788,6
BRD-K41240505,1
BRD-K31453413,1
BRD-K40480443,13
BRD-K91134378,6
BRD-K40151202,15
BRD-K02735834,12
BRD-K90705745,4
BRD-K37150847,17
BRD-K26947839,17
BRD-A55609290,4
BRD-K56977905,7
BRD-K89306950,15
BRD-K06432680,1
BRD-K91184774,1
BRD-A94567954,17
BRD-K55966666,12
BRD-K13604076,1
BRD-K37021324,1
BRD-K58519325,17
BRD-K41284916,12
BRD-K91264756,2
BRD-A24225650,1
BRD-K61993165,12
BRD-A19928752,1
BRD-K60228169,13
BRD-K11717138,14
BRD-K63157263,15
BRD-K77014406,6
BRD-K83780283,13
BRD-K81538844,2
BRD-K50776152,12
BRD-K12168891,15
BRD-K43913647,10
BRD-K36772364,8
BRD-K63488275,9
BRD-K15888437,1
BRD-K69231968,12
BRD-K56478238,2
BRD-K06186994,10
BRD-A56245458,12
BRD-K86231656,17
BRD-K05396879,1
BRD-A02759312,16
BRD-A01346607,11
BRD-A06390036,8
BRD-A02710418,4
BRD-A06726973,14
BRD-A06276885,10
BRD-A01295252,5
BRD-A69592287,6
BRD-A69592287,13
BRD-A69592287,13
BRD-A69592287,6
BRD-K90370028,2
BRD-K90370028,5
BRD-K90370028,6
BRD-K90370028,7
BRD-K25444257,13
BRD-K25444257,6
BRD-K25444257,1
BRD-K25444257,7
BRD-K19326298,7
BRD-K19326298,6
BRD-K19326298,14
BRD-K19326298,10
BRD-K16582605,1
BRD-K16582605,7
BRD-K16582605,5
BRD-K16582605,6
BRD-K45028728,6
BRD-K45028728,12
BRD-K45028728,7
BRD-K45028728,6
BRD-K55896799,6
BRD-K55896799,7
BRD-K55896799,13
BRD-K79254416,6
BRD-K58547375,7
BRD-K58547375,6
BRD-K58547375,6
BRD-K58547375,6
BRD-K98948170,13
BRD-K98948170,7
BRD-K98948170,6
BRD-K98948170,6
BRD-K93367411,9
BRD-K93367411,9
BRD-K93367411,10
BRD-K93367411,15
BRD-K36452089,11
BRD-K36452089,7
BRD-K36452089,6
BRD-K36452089,5
BRD-K07572174,6
BRD-K07572174,12
BRD-K07572174,3
BRD-K07572174,11
BRD-K91338578,13
BRD-K91338578,9
BRD-K91338578,6
BRD-K91338578,6
BRD-A58955223,11
BRD-A58955223,6
BRD-A58955223,13
BRD-K73037408,15
BRD-K73037408,6
BRD-K73037408,9
BRD-K73037408,5
BRD-K16604218,6
BRD-K16604218,6
BRD-K16604218,2
BRD-K16604218,5
BRD-K00640357,1
BRD-K00640357,6
BRD-K00640357,6
BRD-K00640357,6
BRD-K65389993,13
BRD-K65389993,9
BRD-K65389993,13
BRD-K65389993,13
BRD-K11306851,1
BRD-K11306851,3
BRD-K11306851,6
BRD-K11306851,6
BRD-K65111630,17
BRD-K65111630,6
BRD-K65111630,13
BRD-K65111630,9
BRD-K73183319,5
BRD-K73183319,9
BRD-K73183319,12
BRD-K73183319,9
BRD-K92084213,6
BRD-K92084213,9
BRD-K92084213,6
BRD-K92084213,6
BRD-K37417543,12
BRD-K37417543,13
BRD-K37417543,6
BRD-K37417543,13
BRD-K14700434,9
BRD-K14700434,6
BRD-K14700434,6
BRD-K14700434,7
BRD-K58044374,13
BRD-K58044374,6
BRD-K58044374,17
BRD-K58044374,7
HBV,16